,label
00001.jpg,도막떨어짐
00002.jpg,도막떨어짐
00003.jpg,스크래치
00004.jpg,스크래치
00005.jpg,양품
00006.jpg,도막떨어짐
00007.jpg,도막떨어짐
00008.jpg,양품
00009.jpg,도막떨어짐
00010.jpg,도막떨어짐
00011.jpg,도막떨어짐
00012.jpg,스크래치
00013.jpg,스크래치
00014.jpg,스크래치
00015.jpg,스크래치
00016.jpg,양품
00017.jpg,스크래치
00018.jpg,양품
00019.jpg,양품
00020.jpg,이물질포함
00021.jpg,도막떨어짐
00022.jpg,스크래치
00023.jpg,스크래치
00024.jpg,도막떨어짐
00025.jpg,도막떨어짐
00026.jpg,이물질포함
00027.jpg,도막떨어짐
00028.jpg,이물질포함
00029.jpg,양품
00030.jpg,도막떨어짐
00031.jpg,스크래치
00032.jpg,부풀음
00033.jpg,도막떨어짐
00034.jpg,도막떨어짐
00035.jpg,스크래치
00036.jpg,도막떨어짐
00037.jpg,도막떨어짐
00038.jpg,도막떨어짐
00039.jpg,양품
00040.jpg,도막떨어짐
00041.jpg,스크래치
00042.jpg,스크래치
00043.jpg,양품
00044.jpg,양품
00045.jpg,스크래치
00046.jpg,도막떨어짐
00047.jpg,양품
00048.jpg,도막떨어짐
00049.jpg,부풀음
00050.jpg,양품
00051.jpg,스크래치
00052.jpg,도막떨어짐
00053.jpg,스크래치
00054.jpg,이물질포함
00055.jpg,도막떨어짐
00056.jpg,도막떨어짐
00057.jpg,양품
00058.jpg,도막떨어짐
00059.jpg,이물질포함
00060.jpg,양품
00061.jpg,양품
00062.jpg,도막떨어짐
00063.jpg,부풀음
00064.jpg,스크래치
00065.jpg,도막떨어짐
00066.jpg,도막떨어짐
00067.jpg,스크래치
00068.jpg,도막떨어짐
00069.jpg,양품
00070.jpg,도막떨어짐
00071.jpg,스크래치
00072.jpg,도막떨어짐
00073.jpg,양품
00074.jpg,스크래치
00075.jpg,도막떨어짐
00076.jpg,스크래치
00077.jpg,부풀음
00078.jpg,도막떨어짐
00079.jpg,스크래치
00080.jpg,도막떨어짐
00081.jpg,이물질포함
00082.jpg,스크래치
00083.jpg,스크래치
00084.jpg,스크래치
00085.jpg,스크래치
00086.jpg,스크래치
00087.jpg,스크래치
00088.jpg,도막떨어짐
00089.jpg,도막떨어짐
00090.jpg,부풀음
00091.jpg,도막떨어짐
00092.jpg,이물질포함
00093.jpg,스크래치
00094.jpg,스크래치
00095.jpg,이물질포함
00096.jpg,부풀음
00097.jpg,도막떨어짐
00098.jpg,도막떨어짐
00099.jpg,도막떨어짐
00100.jpg,양품
00101.jpg,양품
00102.jpg,부풀음
00103.jpg,양품
00104.jpg,스크래치
00105.jpg,스크래치
00106.jpg,도막떨어짐
00107.jpg,양품
00108.jpg,도막떨어짐
00109.jpg,이물질포함
00110.jpg,스크래치
00111.jpg,스크래치
00112.jpg,스크래치
00113.jpg,도막떨어짐
00114.jpg,도막떨어짐
00115.jpg,양품
00116.jpg,스크래치
00117.jpg,양품
00118.jpg,스크래치
00119.jpg,스크래치
00120.jpg,이물질포함
00121.jpg,스크래치
00122.jpg,스크래치
00123.jpg,스크래치
00124.jpg,도막떨어짐
00125.jpg,부풀음
00126.jpg,양품
00127.jpg,부풀음
00128.jpg,도막떨어짐
00129.jpg,양품
00130.jpg,부풀음
00131.jpg,도막떨어짐
00132.jpg,스크래치
00133.jpg,스크래치
00134.jpg,스크래치
00135.jpg,스크래치
00136.jpg,양품
00137.jpg,도막떨어짐
00138.jpg,도막떨어짐
00139.jpg,스크래치
00140.jpg,스크래치
00141.jpg,스크래치
00142.jpg,양품
00143.jpg,이물질포함
00144.jpg,스크래치
00145.jpg,스크래치
00146.jpg,도막떨어짐
00147.jpg,스크래치
00148.jpg,도막떨어짐
00149.jpg,도막떨어짐
00150.jpg,스크래치
00151.jpg,스크래치
00152.jpg,양품
00153.jpg,부풀음
00154.jpg,도막떨어짐
00155.jpg,도막떨어짐
00156.jpg,도막떨어짐
00157.jpg,스크래치
00158.jpg,스크래치
00159.jpg,스크래치
00160.jpg,양품
00161.jpg,도막떨어짐
00162.jpg,부풀음
00163.jpg,도막떨어짐
00164.jpg,도막떨어짐
00165.jpg,도막떨어짐
00166.jpg,스크래치
00167.jpg,스크래치
00168.jpg,양품
00169.jpg,스크래치
00170.jpg,도막떨어짐
00171.jpg,도막떨어짐
00172.jpg,도막떨어짐
00173.jpg,도막떨어짐
00174.jpg,부풀음
00175.jpg,도막떨어짐
00176.jpg,도막떨어짐
00177.jpg,도막떨어짐
00178.jpg,스크래치
00179.jpg,스크래치
00180.jpg,도막떨어짐
00181.jpg,스크래치
00182.jpg,양품
00183.jpg,도막떨어짐
00184.jpg,도막떨어짐
00185.jpg,도막떨어짐
00186.jpg,도막떨어짐
00187.jpg,이물질포함
00188.jpg,양품
00189.jpg,스크래치
00190.jpg,스크래치
00191.jpg,도막떨어짐
00192.jpg,스크래치
00193.jpg,도막떨어짐
00194.jpg,스크래치
00195.jpg,스크래치
00196.jpg,이물질포함
00197.jpg,도막떨어짐
00198.jpg,스크래치
00199.jpg,양품
00200.jpg,도막떨어짐
00201.jpg,스크래치
00202.jpg,도막떨어짐
00203.jpg,도막떨어짐
00204.jpg,스크래치
00205.jpg,양품
00206.jpg,양품
00207.jpg,도막떨어짐
00208.jpg,부풀음
00209.jpg,스크래치
00210.jpg,스크래치
00211.jpg,양품
00212.jpg,도막떨어짐
00213.jpg,이물질포함
00214.jpg,도막떨어짐
00215.jpg,스크래치
00216.jpg,도막떨어짐
00217.jpg,도막떨어짐
00218.jpg,양품
00219.jpg,도막떨어짐
00220.jpg,이물질포함
00221.jpg,스크래치
00222.jpg,도막떨어짐
00223.jpg,스크래치
00224.jpg,이물질포함
00225.jpg,도막떨어짐
00226.jpg,양품
00227.jpg,도막떨어짐
00228.jpg,부풀음
00229.jpg,부풀음
00230.jpg,양품
00231.jpg,양품
00232.jpg,스크래치
00233.jpg,스크래치
00234.jpg,양품
00235.jpg,스크래치
00236.jpg,스크래치
00237.jpg,양품
00238.jpg,양품
00239.jpg,도막떨어짐
00240.jpg,양품
00241.jpg,양품
00242.jpg,스크래치
00243.jpg,스크래치
00244.jpg,이물질포함
00245.jpg,부풀음
00246.jpg,양품
00247.jpg,스크래치
00248.jpg,스크래치
00249.jpg,스크래치
00250.jpg,도막떨어짐
00251.jpg,스크래치
00252.jpg,도막떨어짐
00253.jpg,부풀음
00254.jpg,도막떨어짐
00255.jpg,스크래치
00256.jpg,스크래치
00257.jpg,도막떨어짐
00258.jpg,스크래치
00259.jpg,도막떨어짐
00260.jpg,스크래치
00261.jpg,스크래치
00262.jpg,도막떨어짐
00263.jpg,스크래치
00264.jpg,스크래치
00265.jpg,이물질포함
00266.jpg,도막떨어짐
00267.jpg,도막떨어짐
00268.jpg,이물질포함
00269.jpg,스크래치
00270.jpg,스크래치
00271.jpg,양품
00272.jpg,스크래치
00273.jpg,도막떨어짐
00274.jpg,양품
00275.jpg,도막떨어짐
00276.jpg,스크래치
00277.jpg,양품
00278.jpg,스크래치
00279.jpg,양품
00280.jpg,스크래치
00281.jpg,스크래치
00282.jpg,양품
00283.jpg,스크래치
00284.jpg,부풀음
00285.jpg,양품
00286.jpg,스크래치
00287.jpg,부풀음
00288.jpg,이물질포함
00289.jpg,도막떨어짐
00290.jpg,스크래치
00291.jpg,스크래치
00292.jpg,도막떨어짐
00293.jpg,도막떨어짐
00294.jpg,스크래치
00295.jpg,스크래치
00296.jpg,스크래치
00297.jpg,도막떨어짐
00298.jpg,부풀음
00299.jpg,도막떨어짐
00300.jpg,스크래치
00301.jpg,스크래치
00302.jpg,스크래치
00303.jpg,도막떨어짐
00304.jpg,부풀음
00305.jpg,스크래치
00306.jpg,부풀음
00307.jpg,스크래치
00308.jpg,양품
00309.jpg,스크래치
00310.jpg,스크래치
00311.jpg,양품
00312.jpg,스크래치
00313.jpg,도막떨어짐
00314.jpg,스크래치
00315.jpg,스크래치
00316.jpg,도막떨어짐
00317.jpg,도막떨어짐
00318.jpg,이물질포함
00319.jpg,스크래치
00320.jpg,이물질포함
00321.jpg,도막떨어짐
00322.jpg,스크래치
00323.jpg,양품
00324.jpg,도막떨어짐
00325.jpg,도막떨어짐
00326.jpg,스크래치
00327.jpg,도막떨어짐
00328.jpg,양품
00329.jpg,이물질포함
00330.jpg,부풀음
00331.jpg,양품
00332.jpg,도막떨어짐
00333.jpg,스크래치
00334.jpg,스크래치
00335.jpg,양품
00336.jpg,양품
00337.jpg,스크래치
00338.jpg,스크래치
00339.jpg,양품
00340.jpg,양품
00341.jpg,스크래치
00342.jpg,도막떨어짐
00343.jpg,도막떨어짐
00344.jpg,도막떨어짐
00345.jpg,도막떨어짐
00346.jpg,도막떨어짐
00347.jpg,스크래치
00348.jpg,양품
00349.jpg,이물질포함
00350.jpg,양품
00351.jpg,스크래치
00352.jpg,스크래치
00353.jpg,도막떨어짐
00354.jpg,스크래치
00355.jpg,부풀음
00356.jpg,도막떨어짐
00357.jpg,양품
00358.jpg,부풀음
00359.jpg,도막떨어짐
00360.jpg,스크래치
00361.jpg,부풀음
00362.jpg,도막떨어짐
00363.jpg,도막떨어짐
00364.jpg,스크래치
00365.jpg,도막떨어짐
00366.jpg,이물질포함
00367.jpg,도막떨어짐
00368.jpg,도막떨어짐
00369.jpg,도막떨어짐
00370.jpg,부풀음
00371.jpg,양품
00372.jpg,양품
00373.jpg,도막떨어짐
00374.jpg,도막떨어짐
00375.jpg,스크래치
00376.jpg,도막떨어짐
00377.jpg,도막떨어짐
00378.jpg,양품
00379.jpg,스크래치
00380.jpg,도막떨어짐
00381.jpg,도막떨어짐
00382.jpg,도막떨어짐
00383.jpg,도막떨어짐
00384.jpg,양품
00385.jpg,양품
00386.jpg,스크래치
00387.jpg,스크래치
00388.jpg,스크래치
00389.jpg,스크래치
00390.jpg,스크래치
00391.jpg,스크래치
00392.jpg,이물질포함
00393.jpg,도막떨어짐
00394.jpg,도막떨어짐
00395.jpg,스크래치
00396.jpg,도막떨어짐
00397.jpg,도막떨어짐
00398.jpg,스크래치
00399.jpg,도막떨어짐
00400.jpg,스크래치
00401.jpg,도막떨어짐
00402.jpg,양품
00403.jpg,스크래치
00404.jpg,스크래치
00405.jpg,이물질포함
00406.jpg,도막떨어짐
00407.jpg,이물질포함
00408.jpg,도막떨어짐
00409.jpg,부풀음
00410.jpg,도막떨어짐
00411.jpg,도막떨어짐
00412.jpg,양품
00413.jpg,스크래치
00414.jpg,부풀음
00415.jpg,이물질포함
00416.jpg,스크래치
00417.jpg,스크래치
00418.jpg,도막떨어짐
00419.jpg,도막떨어짐
00420.jpg,도막떨어짐
00421.jpg,스크래치
00422.jpg,스크래치
00423.jpg,이물질포함
00424.jpg,도막떨어짐
00425.jpg,도막떨어짐
00426.jpg,스크래치
00427.jpg,이물질포함
00428.jpg,이물질포함
00429.jpg,스크래치
00430.jpg,스크래치
00431.jpg,스크래치
00432.jpg,도막떨어짐
00433.jpg,도막떨어짐
00434.jpg,스크래치
00435.jpg,스크래치
00436.jpg,도막떨어짐
00437.jpg,스크래치
00438.jpg,이물질포함
00439.jpg,부풀음
00440.jpg,스크래치
00441.jpg,도막떨어짐
00442.jpg,스크래치
00443.jpg,도막떨어짐
00444.jpg,도막떨어짐
00445.jpg,이물질포함
00446.jpg,스크래치
00447.jpg,스크래치
00448.jpg,스크래치
00449.jpg,도막떨어짐
00450.jpg,양품
00451.jpg,스크래치
00452.jpg,스크래치
00453.jpg,도막떨어짐
00454.jpg,스크래치
00455.jpg,이물질포함
00456.jpg,도막떨어짐
00457.jpg,스크래치
00458.jpg,스크래치
00459.jpg,스크래치
00460.jpg,스크래치
00461.jpg,부풀음
00462.jpg,양품
00463.jpg,도막떨어짐
00464.jpg,도막떨어짐
00465.jpg,도막떨어짐
00466.jpg,스크래치
00467.jpg,부풀음
00468.jpg,이물질포함
00469.jpg,도막떨어짐
00470.jpg,스크래치
00471.jpg,스크래치
00472.jpg,양품
00473.jpg,도막떨어짐
00474.jpg,양품
00475.jpg,스크래치
00476.jpg,스크래치
00477.jpg,도막떨어짐
00478.jpg,도막떨어짐
00479.jpg,부풀음
00480.jpg,스크래치
00481.jpg,양품
00482.jpg,도막떨어짐
00483.jpg,스크래치
00484.jpg,스크래치
00485.jpg,도막떨어짐
00486.jpg,스크래치
00487.jpg,부풀음
00488.jpg,양품
00489.jpg,스크래치
00490.jpg,스크래치
00491.jpg,스크래치
00492.jpg,양품
00493.jpg,양품
00494.jpg,도막떨어짐
00495.jpg,스크래치
00496.jpg,양품
00497.jpg,양품
00498.jpg,스크래치
00499.jpg,스크래치
00500.jpg,부풀음
00501.jpg,스크래치
00502.jpg,도막떨어짐
00503.jpg,이물질포함
00504.jpg,도막떨어짐
00505.jpg,부풀음
00506.jpg,이물질포함
00507.jpg,스크래치
00508.jpg,스크래치
00509.jpg,스크래치
00510.jpg,도막떨어짐
00511.jpg,도막떨어짐
00512.jpg,도막떨어짐
00513.jpg,이물질포함
00514.jpg,이물질포함
00515.jpg,도막떨어짐
00516.jpg,스크래치
00517.jpg,도막떨어짐
00518.jpg,도막떨어짐
00519.jpg,이물질포함
00520.jpg,도막떨어짐
00521.jpg,스크래치
00522.jpg,스크래치
00523.jpg,부풀음
00524.jpg,도막떨어짐
00525.jpg,스크래치
00526.jpg,스크래치
00527.jpg,도막떨어짐
00528.jpg,부풀음
00529.jpg,부풀음
00530.jpg,부풀음
00531.jpg,부풀음
00532.jpg,스크래치
00533.jpg,스크래치
00534.jpg,스크래치
00535.jpg,도막떨어짐
00536.jpg,도막떨어짐
00537.jpg,도막떨어짐
00538.jpg,부풀음
00539.jpg,부풀음
00540.jpg,부풀음
00541.jpg,스크래치
00542.jpg,스크래치
00543.jpg,도막떨어짐
00544.jpg,스크래치
00545.jpg,도막떨어짐
00546.jpg,양품
00547.jpg,스크래치
00548.jpg,도막떨어짐
00549.jpg,스크래치
00550.jpg,도막떨어짐
00551.jpg,양품
00552.jpg,부풀음
00553.jpg,스크래치
00554.jpg,스크래치
00555.jpg,스크래치
00556.jpg,도막떨어짐
00557.jpg,도막떨어짐
00558.jpg,부풀음
00559.jpg,스크래치
00560.jpg,부풀음
00561.jpg,이물질포함
00562.jpg,스크래치
00563.jpg,스크래치
00564.jpg,스크래치
00565.jpg,도막떨어짐
00566.jpg,스크래치
00567.jpg,스크래치
00568.jpg,도막떨어짐
00569.jpg,도막떨어짐
00570.jpg,도막떨어짐
00571.jpg,부풀음
00572.jpg,부풀음
00573.jpg,양품
00574.jpg,양품
00575.jpg,양품
00576.jpg,스크래치
00577.jpg,도막떨어짐
00578.jpg,양품
00579.jpg,스크래치
00580.jpg,부풀음
00581.jpg,스크래치
00582.jpg,이물질포함
00583.jpg,스크래치
00584.jpg,스크래치
00585.jpg,스크래치
00586.jpg,부풀음
00587.jpg,양품
00588.jpg,스크래치
00589.jpg,양품
00590.jpg,스크래치
00591.jpg,양품
00592.jpg,스크래치
00593.jpg,이물질포함
00594.jpg,부풀음
00595.jpg,부풀음
00596.jpg,스크래치
00597.jpg,도막떨어짐
00598.jpg,도막떨어짐
00599.jpg,부풀음
00600.jpg,스크래치
00601.jpg,도막떨어짐
00602.jpg,스크래치
00603.jpg,도막떨어짐
00604.jpg,도막떨어짐
00605.jpg,도막떨어짐
00606.jpg,이물질포함
00607.jpg,이물질포함
00608.jpg,부풀음
00609.jpg,스크래치
00610.jpg,스크래치
00611.jpg,도막떨어짐
00612.jpg,스크래치
00613.jpg,스크래치
00614.jpg,도막떨어짐
00615.jpg,부풀음
00616.jpg,이물질포함
00617.jpg,스크래치
00618.jpg,도막떨어짐
00619.jpg,도막떨어짐
00620.jpg,양품
00621.jpg,도막떨어짐
00622.jpg,도막떨어짐
00623.jpg,도막떨어짐
00624.jpg,양품
00625.jpg,스크래치
00626.jpg,도막떨어짐
00627.jpg,도막떨어짐
00628.jpg,양품
00629.jpg,스크래치
00630.jpg,도막떨어짐
00631.jpg,스크래치
00632.jpg,양품
00633.jpg,스크래치
00634.jpg,도막떨어짐
00635.jpg,도막떨어짐
00636.jpg,부풀음
00637.jpg,도막떨어짐
00638.jpg,스크래치
00639.jpg,부풀음
00640.jpg,부풀음
00641.jpg,양품
00642.jpg,부풀음
00643.jpg,양품
00644.jpg,이물질포함
00645.jpg,부풀음
00646.jpg,양품
00647.jpg,도막떨어짐
00648.jpg,양품
00649.jpg,양품
00650.jpg,도막떨어짐
00651.jpg,도막떨어짐
00652.jpg,도막떨어짐
00653.jpg,스크래치
00654.jpg,스크래치
00655.jpg,스크래치
00656.jpg,스크래치
00657.jpg,도막떨어짐
00658.jpg,도막떨어짐
00659.jpg,양품
00660.jpg,부풀음
00661.jpg,부풀음
00662.jpg,스크래치
00663.jpg,스크래치
00664.jpg,부풀음
00665.jpg,스크래치
00666.jpg,스크래치
00667.jpg,부풀음
00668.jpg,도막떨어짐
00669.jpg,도막떨어짐
00670.jpg,스크래치
00671.jpg,부풀음
00672.jpg,스크래치
00673.jpg,양품
00674.jpg,스크래치
00675.jpg,양품
00676.jpg,스크래치
00677.jpg,도막떨어짐
00678.jpg,양품
00679.jpg,도막떨어짐
00680.jpg,도막떨어짐
00681.jpg,스크래치
00682.jpg,양품
00683.jpg,스크래치
00684.jpg,양품
00685.jpg,도막떨어짐
00686.jpg,스크래치
00687.jpg,도막떨어짐
00688.jpg,도막떨어짐
00689.jpg,이물질포함
00690.jpg,스크래치
00691.jpg,도막떨어짐
00692.jpg,도막떨어짐
00693.jpg,양품
00694.jpg,스크래치
00695.jpg,부풀음
00696.jpg,이물질포함
00697.jpg,양품
00698.jpg,스크래치
00699.jpg,도막떨어짐
00700.jpg,이물질포함
00701.jpg,스크래치
00702.jpg,양품
00703.jpg,도막떨어짐
00704.jpg,도막떨어짐
00705.jpg,스크래치
00706.jpg,양품
00707.jpg,스크래치
00708.jpg,도막떨어짐
00709.jpg,양품
00710.jpg,양품
00711.jpg,스크래치
00712.jpg,양품
00713.jpg,도막떨어짐
00714.jpg,도막떨어짐
00715.jpg,도막떨어짐
00716.jpg,스크래치
00717.jpg,도막떨어짐
00718.jpg,스크래치
00719.jpg,도막떨어짐
00720.jpg,양품
00721.jpg,도막떨어짐
00722.jpg,스크래치
00723.jpg,양품
00724.jpg,스크래치
00725.jpg,부풀음
00726.jpg,스크래치
00727.jpg,부풀음
00728.jpg,도막떨어짐
00729.jpg,도막떨어짐
00730.jpg,이물질포함
00731.jpg,스크래치
00732.jpg,스크래치
00733.jpg,스크래치
00734.jpg,스크래치
00735.jpg,도막떨어짐
00736.jpg,부풀음
00737.jpg,스크래치
00738.jpg,이물질포함
00739.jpg,도막떨어짐
00740.jpg,도막떨어짐
00741.jpg,이물질포함
00742.jpg,스크래치
00743.jpg,양품
00744.jpg,양품
00745.jpg,도막떨어짐
00746.jpg,스크래치
00747.jpg,스크래치
00748.jpg,이물질포함
00749.jpg,스크래치
00750.jpg,양품
00751.jpg,스크래치
00752.jpg,도막떨어짐
00753.jpg,도막떨어짐
00754.jpg,도막떨어짐
00755.jpg,스크래치
00756.jpg,스크래치
00757.jpg,스크래치
00758.jpg,스크래치
00759.jpg,스크래치
00760.jpg,부풀음
00761.jpg,도막떨어짐
00762.jpg,양품
00763.jpg,도막떨어짐
00764.jpg,스크래치
00765.jpg,부풀음
00766.jpg,양품
00767.jpg,도막떨어짐
00768.jpg,부풀음
00769.jpg,양품
00770.jpg,양품
00771.jpg,양품
00772.jpg,스크래치
00773.jpg,스크래치
00774.jpg,양품
00775.jpg,스크래치
00776.jpg,스크래치
00777.jpg,양품
00778.jpg,양품
00779.jpg,이물질포함
00780.jpg,스크래치
00781.jpg,스크래치
00782.jpg,이물질포함
00783.jpg,양품
00784.jpg,도막떨어짐
00785.jpg,스크래치
00786.jpg,스크래치
00787.jpg,스크래치
00788.jpg,스크래치
00789.jpg,스크래치
00790.jpg,부풀음
00791.jpg,스크래치
00792.jpg,도막떨어짐
00793.jpg,도막떨어짐
00794.jpg,양품
00795.jpg,이물질포함
00796.jpg,양품
00797.jpg,이물질포함
00798.jpg,스크래치
00799.jpg,도막떨어짐
00800.jpg,도막떨어짐
00801.jpg,부풀음
00802.jpg,양품
00803.jpg,양품
00804.jpg,스크래치
00805.jpg,양품
00806.jpg,스크래치
00807.jpg,도막떨어짐
00808.jpg,부풀음
00809.jpg,도막떨어짐
00810.jpg,도막떨어짐
00811.jpg,스크래치
00812.jpg,도막떨어짐
00813.jpg,스크래치
00814.jpg,도막떨어짐
00815.jpg,스크래치
00816.jpg,스크래치
00817.jpg,양품
00818.jpg,스크래치
00819.jpg,양품
00820.jpg,도막떨어짐
00821.jpg,스크래치
00822.jpg,스크래치
00823.jpg,도막떨어짐
00824.jpg,도막떨어짐
00825.jpg,도막떨어짐
00826.jpg,도막떨어짐
00827.jpg,양품
00828.jpg,스크래치
00829.jpg,양품
00830.jpg,도막떨어짐
00831.jpg,스크래치
00832.jpg,스크래치
00833.jpg,스크래치
00834.jpg,스크래치
00835.jpg,양품
00836.jpg,도막떨어짐
00837.jpg,양품
00838.jpg,양품
00839.jpg,스크래치
00840.jpg,양품
00841.jpg,스크래치
00842.jpg,도막떨어짐
00843.jpg,스크래치
00844.jpg,도막떨어짐
00845.jpg,스크래치
00846.jpg,스크래치
00847.jpg,도막떨어짐
00848.jpg,이물질포함
00849.jpg,이물질포함
00850.jpg,도막떨어짐
00851.jpg,양품
00852.jpg,스크래치
00853.jpg,도막떨어짐
00854.jpg,스크래치
00855.jpg,도막떨어짐
00856.jpg,스크래치
00857.jpg,도막떨어짐
00858.jpg,스크래치
00859.jpg,양품
00860.jpg,도막떨어짐
00861.jpg,도막떨어짐
00862.jpg,스크래치
00863.jpg,스크래치
00864.jpg,양품
00865.jpg,부풀음
00866.jpg,도막떨어짐
00867.jpg,스크래치
00868.jpg,스크래치
00869.jpg,도막떨어짐
00870.jpg,도막떨어짐
00871.jpg,스크래치
00872.jpg,도막떨어짐
00873.jpg,도막떨어짐
00874.jpg,스크래치
00875.jpg,양품
00876.jpg,스크래치
00877.jpg,이물질포함
00878.jpg,부풀음
00879.jpg,도막떨어짐
00880.jpg,도막떨어짐
00881.jpg,이물질포함
00882.jpg,도막떨어짐
00883.jpg,이물질포함
00884.jpg,양품
00885.jpg,도막떨어짐
00886.jpg,스크래치
00887.jpg,이물질포함
00888.jpg,부풀음
00889.jpg,양품
00890.jpg,스크래치
00891.jpg,도막떨어짐
00892.jpg,스크래치
00893.jpg,도막떨어짐
00894.jpg,도막떨어짐
00895.jpg,양품
00896.jpg,도막떨어짐
00897.jpg,양품
00898.jpg,스크래치
00899.jpg,스크래치
00900.jpg,도막떨어짐
00901.jpg,양품
00902.jpg,도막떨어짐
00903.jpg,스크래치
00904.jpg,양품
00905.jpg,양품
00906.jpg,스크래치
00907.jpg,도막떨어짐
00908.jpg,양품
00909.jpg,양품
00910.jpg,도막떨어짐
00911.jpg,스크래치
00912.jpg,스크래치
00913.jpg,스크래치
00914.jpg,양품
00915.jpg,스크래치
00916.jpg,도막떨어짐
00917.jpg,양품
00918.jpg,부풀음
00919.jpg,도막떨어짐
00920.jpg,도막떨어짐
00921.jpg,이물질포함
00922.jpg,스크래치
00923.jpg,부풀음
00924.jpg,스크래치
00925.jpg,스크래치
00926.jpg,이물질포함
00927.jpg,스크래치
00928.jpg,도막떨어짐
00929.jpg,도막떨어짐
00930.jpg,스크래치
00931.jpg,이물질포함
00932.jpg,이물질포함
00933.jpg,도막떨어짐
00934.jpg,스크래치
00935.jpg,양품
00936.jpg,이물질포함
00937.jpg,도막떨어짐
00938.jpg,스크래치
00939.jpg,도막떨어짐
00940.jpg,도막떨어짐
00941.jpg,스크래치
00942.jpg,이물질포함
00943.jpg,스크래치
00944.jpg,도막떨어짐
00945.jpg,부풀음
00946.jpg,양품
00947.jpg,이물질포함
00948.jpg,양품
00949.jpg,스크래치
00950.jpg,스크래치
00951.jpg,스크래치
00952.jpg,이물질포함
00953.jpg,도막떨어짐
00954.jpg,양품
00955.jpg,스크래치
00956.jpg,스크래치
00957.jpg,양품
00958.jpg,이물질포함
00959.jpg,양품
00960.jpg,스크래치
00961.jpg,도막떨어짐
00962.jpg,이물질포함
00963.jpg,스크래치
00964.jpg,도막떨어짐
00965.jpg,스크래치
00966.jpg,스크래치
00967.jpg,이물질포함
00968.jpg,도막떨어짐
00969.jpg,부풀음
00970.jpg,스크래치
00971.jpg,양품
00972.jpg,양품
00973.jpg,도막떨어짐
00974.jpg,부풀음
00975.jpg,양품
00976.jpg,도막떨어짐
00977.jpg,양품
00978.jpg,도막떨어짐
00979.jpg,도막떨어짐
00980.jpg,도막떨어짐
00981.jpg,양품
00982.jpg,스크래치
00983.jpg,스크래치
00984.jpg,부풀음
00985.jpg,스크래치
00986.jpg,부풀음
00987.jpg,스크래치
00988.jpg,양품
00989.jpg,스크래치
00990.jpg,스크래치
00991.jpg,스크래치
00992.jpg,스크래치
00993.jpg,이물질포함
00994.jpg,양품
00995.jpg,부풀음
00996.jpg,스크래치
00997.jpg,스크래치
00998.jpg,양품
00999.jpg,양품
01000.jpg,스크래치
